date,consumption,temperature
2014-12-31,25385.0,-5.824999999999989
2015-01-01,575207.0,-0.9733476562499751
2015-01-02,652525.0,-0.6035833333333164
2015-01-03,602346.0,0.6040312500000246
2015-01-04,650518.0,1.3932708333333679
2015-01-05,404712.0,1.1624596354166883
2015-01-06,674071.0,-0.98610416666664
2015-01-07,766790.0,-0.6871210937499797
2015-01-08,632197.0,-0.5624687499999818
2015-01-09,729678.0,1.544924479166691
2015-01-10,669339.0,0.9523229166666951
2015-01-11,553523.0,1.7626744791666908
2015-01-12,753070.0,2.2687083333333526
2015-01-13,771258.0,2.7511666666667005
2015-01-14,770548.0,3.2605416666666875
2015-01-15,769865.0,5.152070312500032
2015-01-16,771063.0,4.733458333333353
2015-01-17,699060.0,-0.21629166666664426
2015-01-18,669016.0,1.7446250000000347
2015-01-19,794864.0,2.04092708333336
2015-01-20,817276.0,0.5557083333333518
2015-01-21,820171.0,0.9635625000000209
2015-01-22,814039.0,3.114541666666684
2015-01-23,803252.0,0.625458333333358
2015-01-24,717450.0,-0.9107916666666327
2015-01-25,659271.0,1.7688541666666968
2015-01-26,782764.0,0.36350000000002564
2015-01-27,790836.0,2.3081093750000172
2015-01-28,749382.0,1.7905416666667004
2015-01-29,782670.0,5.458729166666697
2015-01-30,772336.0,11.0629166666667
2015-01-31,689008.0,7.202822916666712
2015-02-01,345296.0,4.439264322916699
2015-02-02,787009.0,3.8537200520833608
2015-02-03,705421.0,5.032272135416693
2015-02-04,569613.0,1.1668333333333745
2015-02-05,571116.0,1.4584583333333587
2015-02-06,704815.0,0.2847500000000238
2015-02-07,752996.0,-1.0822291666666406
2015-02-08,596608.0,-0.8455416666666409
2015-02-09,721142.0,4.500666666666699
2015-02-10,667687.0,7.073791666666696
2015-02-11,640832.0,5.505165364583358
2015-02-12,751614.0,6.872562500000025
2015-02-13,774351.0,10.397916666666683
2015-02-14,693430.0,11.613000000000019
2015-02-15,638038.0,9.56962500000003
2015-02-16,746952.0,10.114477864583357
2015-02-17,775269.0,8.102925781250022
2015-02-18,774281.0,7.548625000000025
2015-02-19,760927.0,8.515437500000024
2015-02-20,759059.0,8.562125000000025
2015-02-21,685006.0,9.482708333333358
2015-02-22,634953.0,10.003333333333357
2015-02-23,753610.0,8.664812500000034
2015-02-24,771512.0,9.025541666666697
2015-02-25,766908.0,9.136687500000038
2015-02-26,750975.0,10.897666666666714
2015-02-27,733178.0,7.586252604166698
2015-02-28,652841.0,9.472312500000024
2015-03-01,664443.0,14.51274869791669
2015-03-02,804476.0,15.205437500000023
2015-03-03,705998.0,14.299020833333351
2015-03-04,519445.0,11.403208333333358
2015-03-05,551155.0,7.646458333333354
2015-03-06,711267.0,9.47604166666669
2015-03-07,761622.0,10.996402343750027
2015-03-08,727717.0,12.747341145833355
2015-03-09,700779.0,12.889041666666685
2015-03-10,598086.0,11.03824609375003
2015-03-11,683982.0,10.808523437500021
2015-03-12,741586.0,10.313022135416695
2015-03-13,700517.0,8.818227864583358
2015-03-14,642821.0,6.0967317708333555
2015-03-15,601842.0,4.919042968750027
2015-03-16,717918.0,4.033832031250026
2015-03-17,735911.0,7.256644531250025
2015-03-18,740790.0,7.022816406250023
2015-03-19,691578.0,9.018605468750023
2015-03-20,713864.0,8.551282552083356
2015-03-21,654472.0,8.275352864583354
2015-03-22,610118.0,8.704894531250025
2015-03-23,734208.0,8.141002604166694
2015-03-24,749951.0,8.30045833333336
2015-03-25,742187.0,4.905352864583354
2015-03-26,722919.0,6.978233072916687
2015-03-27,711378.0,12.612062500000022
2015-03-28,620957.0,12.888291666666694
2015-03-29,565878.0,12.616885416666692
2015-03-30,660648.0,12.65058333333336
2015-03-31,664185.0,14.55927083333336
2015-04-01,636044.0,13.35608463541669
2015-04-02,819016.0,12.339815104166698
2015-04-03,710545.0,13.535811197916694
2015-04-04,548145.0,13.120791666666697
2015-04-05,648367.0,12.964565104166693
2015-04-06,698015.0,13.163792968750021
2015-04-07,688603.0,10.898022135416689
2015-04-08,734134.0,10.183481770833366
2015-04-09,675418.0,8.322726562500028
2015-04-10,560770.0,10.313958333333355
2015-04-11,687926.0,11.763835937500028
2015-04-12,727282.0,13.604313802083366
2015-04-13,657677.0,14.82468619791669
2015-04-14,673259.0,16.811292968750035
2015-04-15,681002.0,13.234835937500021
2015-04-16,640069.0,12.139497395833361
2015-04-17,668361.0,14.402770833333356
2015-04-18,595953.0,12.155250000000038
2015-04-19,551036.0,10.130792968750024
2015-04-20,625792.0,13.079291666666691
2015-04-21,666400.0,15.237404947916696
2015-04-22,663569.0,14.368584635416697
2015-04-23,619671.0,13.954527343750028
2015-04-24,656340.0,15.416493489583361
2015-04-25,597600.0,14.177097656250034
2015-04-26,558531.0,10.936791666666695
2015-04-27,658289.0,9.994753906250033
2015-04-28,663377.0,12.512223958333378
2015-04-29,666521.0,14.699695312500031
2015-04-30,668088.0,15.380083333333365
2015-05-01,685662.0,17.492235677083354
2015-05-02,777642.0,19.60351302083336
2015-05-03,719785.0,19.2421315104167
2015-05-04,531179.0,20.965520833333354
2015-05-05,679704.0,15.69777083333337
2015-05-06,704529.0,13.724187500000026
2015-05-07,652941.0,18.723555989583357
2015-05-08,739096.0,18.076964843750016
2015-05-09,596495.0,18.738326822916708
2015-05-10,677866.0,21.942200520833364
2015-05-11,683578.0,23.352945312500037
2015-05-12,656871.0,23.63081250000003
2015-05-13,699439.0,25.992528645833364
2015-05-14,712449.0,24.89131250000003
2015-05-15,665553.0,18.100875000000027
2015-05-16,599118.0,18.273166666666697
2015-05-17,560910.0,20.374187500000023
2015-05-18,676009.0,20.88474218750002
2015-05-19,682464.0,17.846500000000024
2015-05-20,666946.0,14.861458333333355
2015-05-21,664459.0,15.049562500000029
2015-05-22,666291.0,14.634041666666699
2015-05-23,600245.0,16.354520833333357
2015-05-24,550044.0,17.427041666666685
2015-05-25,656102.0,18.94179557291669
2015-05-26,674996.0,19.051212239583354
2015-05-27,681600.0,19.41750000000003
2015-05-28,690130.0,21.63816666666669
2015-05-29,655669.0,20.94087500000002
2015-05-30,605066.0,20.37008333333336
2015-05-31,562492.0,20.87470833333336
2015-06-01,612959.0,23.821250000000024
2015-06-02,817872.0,25.165833333333357
2015-06-03,709798.0,25.84554166666668
2015-06-04,580995.0,24.180875000000032
2015-06-05,674061.0,23.629041666666705
2015-06-06,640564.0,24.581666666666703
2015-06-07,787715.0,25.221958333333372
2015-06-08,733111.0,25.012583333333357
2015-06-09,552456.0,23.390833333333358
2015-06-10,683098.0,20.390833333333354
2015-06-11,675996.0,18.898666666666692
2015-06-12,607798.0,17.50662500000003
2015-06-13,602353.0,16.257708333333365
2015-06-14,551701.0,16.24008333333338
2015-06-15,716265.0,14.729461538461571
2015-06-16,666571.0,18.862500000000022
2015-06-17,675053.0,20.208750000000027
2015-06-18,686266.0,22.17225000000003
2015-06-19,696468.0,24.967250000000025
2015-06-20,634246.0,25.16033333333335
2015-06-21,586840.0,26.475958333333363
2015-06-22,709187.0,24.944958333333393
2015-06-23,702980.0,20.541041666666704
2015-06-24,664217.0,21.60387500000002
2015-06-25,713711.0,24.687041666666687
2015-06-26,730152.0,27.180416666666684
2015-06-27,672342.0,29.25375000000002
2015-06-28,629650.0,30.58458333333336
2015-06-29,764462.0,31.417083333333363
2015-06-30,774044.0,31.399583333333368
2015-07-01,768077.0,29.766250000000024
2015-07-02,742609.0,28.33666666666669
2015-07-03,624680.0,30.187500000000018
2015-07-04,659691.0,30.24416666666669
2015-07-05,670151.0,31.017916666666682
2015-07-06,597084.0,31.754583333333358
2015-07-07,808391.0,31.81583333333336
2015-07-08,737360.0,30.890833333333358
2015-07-09,656995.0,30.49875000000002
2015-07-10,671722.0,29.740833333333356
2015-07-11,598197.0,29.552083333333353
2015-07-12,648100.0,29.942500000000024
2015-07-13,780005.0,31.11541666666669
2015-07-14,800930.0,31.97916666666669
2015-07-15,805644.0,31.406666666666684
2015-07-16,803167.0,30.930833333333357
2015-07-17,798855.0,30.493750000000023
2015-07-18,700295.0,28.685416666666686
2015-07-19,641631.0,28.54875000000003
2015-07-20,798823.0,30.21750000000002
2015-07-21,817858.0,30.971250000000026
2015-07-22,841818.0,29.294000000000025
2015-07-23,803515.0,29.018750000000022
2015-07-24,793985.0,28.465833333333354
2015-07-25,678418.0,27.11791666666669
2015-07-26,634572.0,28.36708333333336
2015-07-27,772592.0,30.61791666666669
2015-07-28,787757.0,30.047083333333358
2015-07-29,797243.0,29.599583333333356
2015-07-30,767391.0,26.802500000000023
2015-07-31,727984.0,25.411250000000024
2015-08-01,786116.0,24.13833333333336
2015-08-02,676163.0,27.147916666666685
2015-08-03,585180.0,29.147916666666692
2015-08-04,678923.0,29.23416666666669
2015-08-05,674453.0,28.293750000000028
2015-08-06,719171.0,28.914583333333354
2015-08-07,804812.0,29.027083333333355
2015-08-08,651960.0,26.699166666666688
2015-08-09,658439.0,22.434166666666687
2015-08-10,661194.0,27.491250000000022
2015-08-11,561484.0,28.927916666666693
2015-08-12,621087.0,27.07958333333335
2015-08-13,699296.0,23.609583333333358
2015-08-14,660734.0,22.280416666666685
2015-08-15,574195.0,22.80791666666669
2015-08-16,554230.0,23.23791666666669
2015-08-17,655126.0,25.886666666666684
2015-08-18,658731.0,25.127500000000023
2015-08-19,665248.0,25.217916666666685
2015-08-20,689012.0,27.08250000000002
2015-08-21,701301.0,26.650000000000023
2015-08-22,650483.0,24.904000000000025
2015-08-23,573747.0,22.006250000000023
2015-08-24,669322.0,19.917916666666688
2015-08-25,684696.0,21.15500000000002
2015-08-26,687916.0,24.590833333333354
2015-08-27,718928.0,24.162500000000023
2015-08-28,722596.0,25.412916666666685
2015-08-29,652607.0,28.56916666666669
2015-08-30,611726.0,25.64375000000003
2015-08-31,774219.0,22.622800000000026
2015-09-01,773653.0,19.10208333333335
2015-09-02,801185.0,19.045416666666693
2015-09-03,698496.0,16.983750000000025
2015-09-04,686933.0,15.70166666666669
2015-09-05,610415.0,15.005833333333356
2015-09-06,723514.0,14.899583333333352
2015-09-07,782770.0,14.244166666666693
2015-09-08,585817.0,14.796666666666694
2015-09-09,676457.0,16.03166666666669
2015-09-10,645606.0,17.47250000000002
2015-09-11,652258.0,17.07208333333335
2015-09-12,715551.0,17.228333333333357
2015-09-13,558650.0,15.990000000000025
2015-09-14,662074.0,14.413750000000023
2015-09-15,708191.0,11.608800000000022
2015-09-16,844078.0,13.63482758620692
2015-09-17,670359.0,11.667083333333359
2015-09-18,663413.0,14.441250000000025
2015-09-19,593792.0,17.80875000000002
2015-09-20,551333.0,19.035833333333354
2015-09-21,671001.0,20.270000000000024
2015-09-22,686379.0,19.619583333333356
2015-09-23,681096.0,18.487500000000022
2015-09-24,672684.0,19.568333333333356
2015-09-25,671450.0,21.113333333333358
2015-09-26,599157.0,20.341666666666686
2015-09-27,553847.0,21.048333333333357
2015-09-28,665318.0,18.23333333333336
2015-09-29,673855.0,17.736666666666693
2015-09-30,679359.0,17.99166666666669
2015-10-01,715851.0,17.345200000000027
2015-10-02,735572.0,18.024583333333357
2015-10-03,705423.0,18.730833333333354
2015-10-04,674064.0,18.24541666666669
2015-10-05,565481.0,20.322500000000023
2015-10-06,723218.0,17.700000000000017
2015-10-07,772160.0,15.602916666666692
2015-10-08,692708.0,15.190416666666687
2015-10-09,682458.0,14.497916666666688
2015-10-10,587114.0,15.287500000000028
2015-10-11,765949.0,16.464074074074095
2015-10-12,726793.0,17.360416666666683
2015-10-13,657010.0,12.930416666666689
2015-10-14,663027.0,11.15166666666669
2015-10-15,663082.0,11.42125000000002
2015-10-16,666021.0,12.086250000000023
2015-10-17,599262.0,15.440833333333353
2015-10-18,552519.0,15.980416666666677
2015-10-19,667919.0,16.722916666666677
2015-10-20,674902.0,15.306666666666684
2015-10-21,670382.0,11.734583333333356
2015-10-22,667868.0,11.652083333333351
2015-10-23,668915.0,13.316666666666679
2015-10-24,593197.0,14.909166666666676
2015-10-25,549047.0,15.863333333333339
2015-10-26,664140.0,14.927083333333343
2015-10-27,677133.0,14.058895833333338
2015-10-28,704378.0,12.438080000000005
2015-10-29,676461.0,13.902791666666673
2015-10-30,670250.0,14.89183333333335
2015-10-31,600199.0,15.864375000000011
2015-11-01,641526.0,16.20825000000001
2015-11-02,804602.0,12.932041666666676
2015-11-03,795260.0,11.696703703703713
2015-11-04,632701.0,12.726520000000011
2015-11-05,791859.0,13.912724137931049
2015-11-06,704323.0,14.361000000000024
2015-11-07,692564.0,14.936708333333343
2015-11-08,708817.0,14.567770833333347
2015-11-09,654907.0,12.923187500000012
2015-11-10,547119.0,12.50554166666668
2015-11-11,680469.0,11.053916666666678
2015-11-12,730865.0,11.113729166666678
2015-11-13,677998.0,11.653125000000005
2015-11-14,600214.0,11.184333333333349
2015-11-15,558015.0,10.11858333333335
2015-11-16,676651.0,8.389855468750019
2015-11-17,696641.0,8.552985677083358
2015-11-18,696984.0,9.700583333333347
2015-11-19,694056.0,11.291541666666676
2015-11-20,693291.0,11.80445833333335
2015-11-21,625811.0,10.839708333333348
2015-11-22,588613.0,5.555208333333343
2015-11-23,725824.0,4.795395833333345
2015-11-24,755923.0,5.233895833333352
2015-11-25,748587.0,9.829458333333347
2015-11-26,740918.0,11.06416666666668
2015-11-27,728144.0,11.729958333333348
2015-11-28,651996.0,7.865416666666678
2015-11-29,607329.0,4.165250000000029
2015-11-30,736610.0,4.388875000000017
2015-12-01,762998.0,4.303750000000018
2015-12-02,759149.0,5.150750000000007
2015-12-03,696217.0,6.064882812500019
2015-12-04,564635.0,7.574979166666691
2015-12-05,690957.0,8.481145833333349
2015-12-06,683433.0,7.4961250000000135
2015-12-07,637591.0,6.436229166666675
2015-12-08,713964.0,8.244354166666676
2015-12-09,606339.0,8.164958333333352
2015-12-10,558797.0,7.885000000000017
2015-12-11,683848.0,9.00591666666667
2015-12-12,663958.0,9.553208333333354
2015-12-13,621809.0,7.108020833333346
2015-12-14,743553.0,9.476187500000023
2015-12-15,744463.0,9.955437500000011
2015-12-16,736128.0,7.471916666666682
2015-12-17,733198.0,6.985020833333347
2015-12-18,718138.0,7.71431250000002
2015-12-19,654187.0,7.029166666666694
2015-12-20,607115.0,7.488645833333355
2015-12-21,707580.0,6.493187500000026
2015-12-22,714590.0,5.7213750000000205
2015-12-23,699394.0,5.615041666666694
2015-12-24,611454.0,4.744166666666696
2015-12-25,522733.0,4.586437500000024
2015-12-26,579874.0,3.7170000000000223
2015-12-27,572717.0,6.297291666666692
2015-12-28,658883.0,8.491583333333358
2015-12-29,736438.0,8.103648148148173
2015-12-30,649212.0,7.524041666666688
2015-12-31,645780.0,9.202442307692325
2016-01-01,576122.0,10.55105769230772
2016-01-02,721426.0,7.654291666666691
2016-01-03,816991.0,7.399326923076951
2016-01-04,760664.0,11.652192307692324
2016-01-05,532014.0,6.669458333333362
2016-01-06,671970.0,5.220645833333353
2016-01-07,735381.0,12.148458333333346
2016-01-08,764642.0,11.770340000000022
2016-01-09,754541.0,9.838562500000021
2016-01-10,692157.0,10.665796296296318
2016-01-11,602382.0,9.282173076923097
2016-01-12,750802.0,6.009958333333358
2016-01-13,760649.0,3.7508541666666866
2016-01-14,826584.0,5.24684615384618
2016-01-15,761246.0,6.317458333333353
2016-01-16,691522.0,4.044750000000022
2016-01-17,684160.0,2.0552200000000314
2016-01-18,775584.0,5.937291666666691
2016-01-19,780481.0,4.620458333333353
2016-01-20,776701.0,4.8738333333333586
2016-01-21,844953.0,5.971423076923103
2016-01-22,823939.0,8.542692307692331
2016-01-23,664551.0,11.213458333333355
2016-01-24,614945.0,10.210125000000025
2016-01-25,728975.0,9.56856250000002
2016-01-26,745571.0,8.956458333333352
2016-01-27,816075.0,8.136307692307717
2016-01-28,876930.0,8.219910714285735
2016-01-29,788201.0,8.28961538461541
2016-01-30,663834.0,7.573855468750023
2016-01-31,615162.0,8.164389322916685
2016-02-01,589185.0,8.459437500000027
2016-02-02,734679.0,6.869395833333357
2016-02-03,746436.0,8.45152083333335
2016-02-04,628344.0,5.50625000000002
2016-02-05,609728.0,4.1764583333333505
2016-02-06,677245.0,6.095833333333355
2016-02-07,661861.0,7.37291666666669
2016-02-08,746732.0,8.800000000000018
2016-02-09,758896.0,7.321666666666687
2016-02-10,562612.0,9.93583333333335
2016-02-11,669507.0,12.72875000000002
2016-02-12,742850.0,11.707895833333353
2016-02-13,663733.0,13.090333333333355
2016-02-14,626703.0,7.917875000000016
2016-02-15,756521.0,5.181104166666692
2016-02-16,771331.0,3.210604166666689
2016-02-17,781802.0,2.209548177083356
2016-02-18,836743.0,5.417500000000023
2016-02-19,771261.0,4.637930989583356
2016-02-20,681651.0,5.495860677083357
2016-02-21,632443.0,6.821354166666694
2016-02-22,735371.0,7.758291666666689
2016-02-23,738185.0,8.027187500000018
2016-02-24,745808.0,6.257000000000024
2016-02-25,739315.0,8.403000000000022
2016-02-26,824389.0,6.2243269230769425
2016-02-27,694507.0,5.1521666666666945
2016-02-28,638245.0,7.027750000000014
2016-02-29,730450.0,7.478645833333353
2016-03-01,590946.0,7.34520833333336
2016-03-02,737914.0,9.211729166666691
2016-03-03,736599.0,8.659229166666686
2016-03-04,593496.0,8.393993489583359
2016-03-05,663763.0,6.323958333333361
2016-03-06,678255.0,6.417625000000027
2016-03-07,616138.0,6.866333333333361
2016-03-08,754466.0,6.298375000000021
2016-03-09,688175.0,6.71383333333335
2016-03-10,674448.0,6.70650651041669
2016-03-11,681285.0,7.283479166666685
2016-03-12,672422.0,6.226395833333359
2016-03-13,616197.0,7.654562500000026
2016-03-14,745308.0,6.859895833333359
2016-03-15,756353.0,7.143041666666693
2016-03-16,745580.0,8.133875000000025
2016-03-17,747395.0,9.251583333333352
2016-03-18,765897.0,8.636820000000027
2016-03-19,705308.0,9.338538461538482
2016-03-20,607417.0,8.414812500000023
2016-03-21,748481.0,8.652240000000024
2016-03-22,739604.0,9.511240000000019
2016-03-23,701073.0,8.232500000000023
2016-03-24,609031.0,10.003312500000028
2016-03-25,566475.0,10.316145833333351
2016-03-26,587540.0,10.741708333333358
2016-03-27,578739.0,11.255660000000027
2016-03-28,621902.0,10.667395833333353
2016-03-29,685274.0,13.122687500000021
2016-03-30,685809.0,13.62595833333336
2016-03-31,694637.0,8.88614583333336
2016-04-01,676986.0,7.890416666666688
2016-04-02,740492.0,9.609958333333365
2016-04-03,737071.0,10.263645833333356
2016-04-04,772144.0,8.338519230769254
2016-04-05,670287.0,10.670625000000024
2016-04-06,608019.0,11.61537500000002
2016-04-07,732301.0,12.433208333333356
2016-04-08,750029.0,9.415583333333357
2016-04-09,650534.0,11.289770833333355
2016-04-10,694628.0,10.100291666666685
2016-04-11,717254.0,8.95150000000002
2016-04-12,674811.0,9.663384615384642
2016-04-13,702858.0,11.209895833333348
2016-04-14,700097.0,13.158541666666693
2016-04-15,691586.0,13.374187500000028
2016-04-16,645588.0,12.818800000000019
2016-04-17,573755.0,11.702145833333352
2016-04-18,680827.0,13.985645833333358
2016-04-19,761373.0,12.314365384615403
2016-04-20,786962.0,10.905740740740757
2016-04-21,692383.0,12.33458333333335
2016-04-22,681808.0,12.927208333333356
2016-04-23,597782.0,12.112770833333352
2016-04-24,554456.0,12.373541666666684
2016-04-25,618507.0,12.121520833333358
2016-04-26,672757.0,13.972687500000028
2016-04-27,679966.0,14.71416666666669
2016-04-28,678075.0,13.642032552083355
2016-04-29,726424.0,13.790384615384637
2016-04-30,667531.0,12.790740740740764
2016-05-01,670623.0,10.813750000000027
2016-05-02,740621.0,12.930000000000021
2016-05-03,664683.0,17.157500000000024
2016-05-04,719950.0,18.350416666666693
2016-05-05,697305.0,15.94880000000002
2016-05-06,592367.0,13.634800000000025
2016-05-07,779690.0,13.892000000000023
2016-05-08,831825.0,11.935357142857166
2016-05-09,792403.0,11.685833333333358
2016-05-10,664738.0,11.486250000000027
2016-05-11,664242.0,11.389230769230794
2016-05-12,701061.0,12.276666666666685
2016-05-13,670256.0,12.399583333333355
2016-05-14,592939.0,14.24500000000002
2016-05-15,538516.0,16.82375000000003
2016-05-16,613543.0,16.163333333333355
2016-05-17,651929.0,17.442083333333358
2016-05-18,668931.0,18.597500000000025
2016-05-19,666267.0,18.891666666666698
2016-05-20,667278.0,19.98000000000002
2016-05-21,598303.0,20.77750000000003
2016-05-22,553833.0,19.161250000000024
2016-05-23,652523.0,15.120416666666685
2016-05-24,666007.0,18.592083333333353
2016-05-25,675744.0,17.60125000000002
2016-05-26,672672.0,18.424583333333356
2016-05-27,671107.0,18.71500000000002
2016-05-28,676666.0,15.091111111111129
2016-05-29,546744.0,14.697083333333355
2016-05-30,653166.0,15.99541666666669
2016-05-31,662529.0,16.73625000000003
2016-06-01,595632.0,17.974166666666687
2016-06-02,668753.0,18.760833333333355
2016-06-03,623895.0,20.87875000000003
2016-06-04,770142.0,20.1996153846154
2016-06-05,668214.0,21.512500000000017
2016-06-06,679690.0,21.745833333333355
2016-06-07,757405.0,24.00208333333336
2016-06-08,655256.0,25.071666666666687
2016-06-09,809180.0,27.747916666666686
2016-06-10,688718.0,25.740833333333356
2016-06-11,571438.0,24.423333333333357
2016-06-12,642959.0,24.474583333333353
2016-06-13,718328.0,25.257083333333345
2016-06-14,724102.0,22.932500000000022
2016-06-15,708633.0,18.300583333333357
2016-06-16,674503.0,15.907916666666694
2016-06-17,670170.0,17.931250000000023
2016-06-18,605248.0,18.628333333333355
2016-06-19,562084.0,19.32958333333335
2016-06-20,677573.0,24.361250000000023
2016-06-21,705336.0,26.470000000000027
2016-06-22,714649.0,27.569583333333366
2016-06-23,708694.0,26.553333333333352
2016-06-24,674496.0,26.88166666666669
2016-06-25,640074.0,26.085416666666692
2016-06-26,584854.0,24.76541666666668
2016-06-27,709623.0,26.280416666666685
2016-06-28,739475.0,27.62000000000002
2016-06-29,738418.0,28.485000000000017
2016-06-30,735210.0,27.323333333333363
2016-07-01,720640.0,27.719166666666695
2016-07-02,619993.0,28.364583333333357
2016-07-03,761458.0,28.863333333333358
2016-07-04,698282.0,27.700833333333353
2016-07-05,601946.0,27.297500000000024
2016-07-06,728682.0,26.512800000000023
2016-07-07,742769.0,25.18166666666669
2016-07-08,608927.0,27.45666666666669
2016-07-09,765931.0,29.155833333333362
2016-07-10,672282.0,30.48666666666669
2016-07-11,687955.0,30.533750000000023
2016-07-12,711231.0,26.934166666666687
2016-07-13,741866.0,22.407500000000024
2016-07-14,729515.0,22.9084166666667
2016-07-15,718343.0,23.9167083333334
2016-07-16,646825.0,25.740125000000045
2016-07-17,603430.0,28.182416666666708
2016-07-18,740982.0,28.32100000000005
2016-07-19,764661.0,18.988
2016-07-20,777624.0,20.507916666666674
2016-07-21,775479.0,27.15608333333336
2016-07-22,752320.0,26.3379166666667
2016-07-23,657192.0,24.663333333333355
2016-07-24,608310.0,26.206250000000022
2016-07-25,712016.0,28.5891666666667
2016-07-26,774338.0,29.84333333333335
2016-07-27,774555.0,30.86708333333336
2016-07-28,774549.0,30.283750000000026
2016-07-29,767791.0,31.406666666666684
2016-07-30,684348.0,29.63958333333336
2016-07-31,627201.0,27.455416666666693
2016-08-01,717771.0,27.56458333333336
2016-08-02,732876.0,28.84333333333336
2016-08-03,761941.0,29.177916666666686
2016-08-04,698516.0,29.156666666666684
2016-08-05,563367.0,26.645416666666687
2016-08-06,720981.0,26.894583333333355
2016-08-07,748886.0,28.299583333333356
2016-08-08,712417.0,28.04791666666668
2016-08-09,755351.0,26.371291666666693
2016-08-10,607199.0,21.87062500000003
2016-08-11,717183.0,23.326666666666693
2016-08-12,630398.0,24.875833333333357
2016-08-13,624663.0,26.592916666666685
2016-08-14,577790.0,27.227500000000024
2016-08-15,596159.0,27.417916666666688
2016-08-16,685629.0,27.392500000000023
2016-08-17,697825.0,27.035000000000014
2016-08-18,709110.0,26.78333333333336
2016-08-19,713902.0,27.474583333333356
2016-08-20,654884.0,27.64833333333335
2016-08-21,598151.0,25.05666666666669
2016-08-22,722659.0,27.114583333333357
2016-08-23,737076.0,28.610000000000024
2016-08-24,735053.0,27.604166666666696
2016-08-25,730195.0,26.83541666666669
2016-08-26,728366.0,27.037500000000023
2016-08-27,660296.0,28.230416666666684
2016-08-28,625037.0,28.44166666666669
2016-08-29,749764.0,27.59583333333335
2016-08-30,752185.0,24.557500000000033
2016-08-31,750760.0,25.94166666666669
2016-09-01,654159.0,26.815102864583356
2016-09-02,744510.0,26.67833333333336
2016-09-03,773533.0,27.347500000000014
2016-09-04,621131.0,28.434166666666687
2016-09-05,673897.0,29.706666666666692
2016-09-06,728829.0,30.268333333333363
2016-09-07,686630.0,30.01041666666669
2016-09-08,714687.0,26.137916666666687
2016-09-09,743072.0,24.86375000000002
2016-09-10,565584.0,25.62041666666669
2016-09-11,715124.0,25.25083333333335
2016-09-12,684208.0,25.865416666666686
2016-09-13,733463.0,20.677083333333357
2016-09-14,722857.0,15.141600000000022
2016-09-15,680014.0,15.765833333333356
2016-09-16,678052.0,18.193750000000012
2016-09-17,607671.0,17.08666666666668
2016-09-18,563355.0,17.576250000000012
2016-09-19,671231.0,17.46416666666669
2016-09-20,691651.0,20.112500000000015
2016-09-21,690111.0,20.076208333333362
2016-09-22,697082.0,18.871375000000025
2016-09-23,689492.0,21.237083333333363
2016-09-24,607091.0,20.266666666666683
2016-09-25,562074.0,20.42375000000002
2016-09-26,680310.0,20.455833333333352
2016-09-27,697585.0,20.985208333333354
2016-09-28,669292.0,20.122916666666686
2016-09-29,688559.0,18.362500000000026
2016-09-30,708460.0,18.67800000000002
2016-10-01,624871.0,19.91708333333335
2016-10-02,744049.0,18.80541666666669
2016-10-03,761792.0,19.096250000000023
2016-10-04,584292.0,19.51666666666669
2016-10-05,685709.0,18.49470833333337
2016-10-06,713023.0,16.632375000000035
2016-10-07,640588.0,14.701416666666708
2016-10-08,685656.0,14.309041666666696
2016-10-09,661613.0,14.73416666666669
2016-10-10,668025.0,13.62708333333336
2016-10-11,719268.0,13.863208333333384
2016-10-12,637168.0,11.652083333333378
2016-10-13,663249.0,12.146500000000039
2016-10-14,656351.0,12.35485416666669
2016-10-15,587756.0,10.527708333333363
2016-10-16,551579.0,11.721791666666691
2016-10-17,674680.0,13.012833333333354
2016-10-18,685524.0,12.325791666666708
2016-10-19,682618.0,13.628812500000036
2016-10-20,679520.0,13.721583333333355
2016-10-21,675870.0,13.4198541666667
2016-10-22,608830.0,13.589520833333358
2016-10-23,568124.0,13.372166666666706
2016-10-24,678835.0,11.32329166666669
2016-10-25,688722.0,12.752250000000041
2016-10-26,685130.0,15.21170833333335
2016-10-27,683721.0,16.044958333333366
2016-10-28,677496.0,16.0236666666667
2016-10-29,594990.0,12.954958333333373
2016-10-30,544261.0,11.467958333333364
2016-10-31,606036.0,10.884625000000034
2016-11-01,726443.0,10.884166666666708
2016-11-02,743080.0,13.807083333333347
2016-11-03,747917.0,13.109166666666681
2016-11-04,1112958.0,12.9264864864865
2016-11-05,803505.0,12.226428571428585
2016-11-06,630381.0,8.669166666666678
2016-11-07,809556.0,6.704800000000025
2016-11-08,679901.0,7.430833333333354
2016-11-09,618195.0,9.857083333333351
2016-11-10,670897.0,6.976250000000017
2016-11-11,715163.0,6.98541666666669
2016-11-12,614251.0,7.658750000000015
2016-11-13,588330.0,11.56958333333335
2016-11-14,706013.0,9.395416666666684
2016-11-15,728792.0,8.54375000000003
2016-11-16,725629.0,7.8412500000000165
2016-11-17,727244.0,9.457083333333351
2016-11-18,722308.0,7.846666666666683
2016-11-19,874993.0,5.799393939393957
2016-11-20,1238149.0,8.973829787234054
2016-11-21,816029.0,10.457037037037047
2016-11-22,771835.0,6.910800000000018
2016-11-23,842754.0,6.678518518518535
2016-11-24,745196.0,5.165875000000017
2016-11-25,1163352.0,4.578611111111125
2016-11-26,1018612.0,7.703142857142869
2016-11-27,798693.0,9.556333333333349
2016-11-28,733781.0,9.19875000000002
2016-11-29,752812.0,7.89416666666668
2016-11-30,748536.0,10.81833333333335
2016-12-01,746390.0,9.964583333333351
2016-12-02,740892.0,8.469166666666682
2016-12-03,779009.0,7.379642857142877
2016-12-04,941492.0,10.329062500000015
2016-12-05,731278.0,11.167692307692322
2016-12-06,582396.0,8.782500000000026
2016-12-07,806355.0,7.429200000000014
2016-12-08,956427.0,6.507647058823544
2016-12-09,740581.0,7.9941666666666835
2016-12-10,584030.0,9.90583333333335
2016-12-11,664065.0,6.7248000000000205
2016-12-12,874682.0,5.851428571428591
2016-12-13,1001938.0,4.977419354838728
2016-12-14,1038299.0,7.122500000000018
2016-12-15,1341167.0,8.130952380952388
2016-12-16,1179435.0,7.742777777777793
2016-12-17,678505.0,9.65458333333335
2016-12-18,645395.0,7.1575000000000175
2016-12-19,772761.0,6.1912500000000135
2016-12-20,772791.0,3.9895833333333592
2016-12-21,763820.0,6.522500000000018
2016-12-22,747978.0,5.711666666666685
2016-12-23,709571.0,6.538750000000019
2016-12-24,607423.0,6.465000000000018
2016-12-25,621207.0,5.3539285714285905
2016-12-26,588414.0,5.774166666666692
2016-12-27,680113.0,6.756666666666679
2016-12-28,685087.0,6.357500000000016
2016-12-29,687790.0,3.998333333333354
2016-12-30,685531.0,2.654583333333349
2016-12-31,711255.0,-0.7659259259259051
2017-01-01,566851.0,-0.41458333333332104
2017-01-02,754359.0,2.224166666666678
2017-01-03,725352.0,4.5141666666666795
2017-01-04,805633.0,4.578387096774212
2017-01-05,843485.0,5.984864864864878
2017-01-06,704411.0,2.8029166666666896
2017-01-07,622792.0,2.3566666666666833
2017-01-08,758064.0,3.347500000000018
2017-01-09,697559.0,3.78333333333336
2017-01-10,572998.0,6.365000000000016
2017-01-11,586437.0,10.99666666666669
2017-01-12,790948.0,6.798333333333351
2017-01-13,767323.0,6.512083333333355
2017-01-14,706065.0,3.2770833333333536
2017-01-15,665519.0,4.648750000000024
2017-01-16,784399.0,7.684583333333353
2017-01-17,806600.0,6.755833333333359
2017-01-18,841581.0,-0.024583333333313345
2017-01-19,848155.0,1.4233333333333462
2017-01-20,833814.0,4.972916666666674
2017-01-21,731415.0,6.223750000000012
2017-01-22,674418.0,2.9691666666666827
2017-01-23,798582.0,4.965000000000018
2017-01-24,802155.0,2.05445833333336
2017-01-25,809875.0,1.5194166666666955
2017-01-26,817330.0,1.3820833333333529
2017-01-27,1241677.0,4.613611111111124
2017-01-28,702307.0,4.613333333333351
2017-01-29,1144829.0,5.656829268292708
2017-01-30,1029866.0,9.007812500000025
2017-01-31,992359.0,8.578709677419376
2017-02-01,930073.0,7.060645161290343
2017-02-02,1177388.0,8.558333333333344
2017-02-03,885650.0,9.492758620689667
2017-02-04,674645.0,11.237500000000011
2017-02-05,678119.0,8.156880000000019
2017-02-06,706731.0,9.95958333333335
2017-02-07,583159.0,8.797916666666687
2017-02-08,762897.0,5.83000000000002
2017-02-09,626841.0,3.6366666666666823
2017-02-10,917275.0,2.9319354838709857
2017-02-11,834682.0,5.728275862068977
2017-02-12,1120776.0,8.895555555555577
2017-02-13,885681.0,9.450678571428586
2017-02-14,748492.0,5.946875000000017
2017-02-15,734265.0,6.35670833333337
2017-02-16,738183.0,6.923416666666692
2017-02-17,731785.0,6.704000000000036
2017-02-18,661882.0,5.839083333333363
2017-02-19,611686.0,6.982666666666688
2017-02-20,721647.0,5.267333333333362
2017-02-21,730840.0,6.855915364583358
2017-02-22,731722.0,10.293750000000017
2017-02-23,764520.0,10.888800000000018
2017-02-24,759947.0,10.892000000000023
2017-02-25,648906.0,8.802916666666684
2017-02-26,684528.0,7.7729629629629775
2017-02-27,736936.0,9.330000000000016
2017-02-28,710009.0,9.656666666666682
2017-03-01,787556.0,9.436000000000021
2017-03-02,816214.0,8.322307692307712
2017-03-03,796857.0,6.316538461538482
2017-03-04,675737.0,4.9379166666666805
2017-03-05,772600.0,8.319259259259278
2017-03-06,632823.0,13.393333333333352
2017-03-07,704079.0,13.838333333333358
2017-03-08,776338.0,12.700833333333355
2017-03-09,588040.0,14.173750000000018
2017-03-10,693066.0,14.789166666666686
2017-03-11,688047.0,13.922500000000015
2017-03-12,677246.0,10.949583333333353
2017-03-13,701712.0,10.129166666666679
2017-03-14,713317.0,13.338333333333352
2017-03-15,696333.0,12.875416666666686
2017-03-16,695365.0,11.32416666666669
2017-03-17,685067.0,10.970000000000018
2017-03-18,604658.0,11.65625000000002
2017-03-19,558323.0,13.19458333333335
2017-03-20,657517.0,14.891666666666685
2017-03-21,695508.0,11.19000000000002
2017-03-22,743548.0,7.384800000000021
2017-03-23,791595.0,2.3753846153846347
2017-03-24,871358.0,3.6039285714285905
2017-03-25,804314.0,4.053448275862093
2017-03-26,625918.0,9.53600000000002
2017-03-27,914888.0,9.01200000000002
2017-03-28,741486.0,10.215040000000018
2017-03-29,698414.0,11.347500000000018
2017-03-30,687522.0,13.196250000000015
2017-03-31,686635.0,14.383333333333347
2017-04-01,746483.0,12.180000000000016
2017-04-02,665549.0,11.60833333333335
2017-04-03,663417.0,11.278750000000011
2017-04-04,687853.0,12.813333333333356
2017-04-05,676703.0,12.436666666666682
2017-04-06,573489.0,13.312500000000016
2017-04-07,742956.0,14.928750000000024
2017-04-08,783767.0,14.575416666666689
2017-04-09,710428.0,15.111250000000018
2017-04-10,709484.0,15.62000000000002
2017-04-11,615379.0,17.63208333333335
2017-04-12,796844.0,17.89958333333335
2017-04-13,562306.0,18.434248697916686
2017-04-14,519214.0,17.278333333333354
2017-04-15,544724.0,17.875000000000014
2017-04-16,515847.0,17.077916666666685
2017-04-17,574451.0,18.288750000000018
2017-04-18,655909.0,19.56375000000002
2017-04-19,700165.0,16.16040000000002
2017-04-20,705952.0,13.296000000000019
2017-04-21,671994.0,12.720000000000026
2017-04-22,605508.0,12.67541666666669
2017-04-23,555278.0,16.57250000000002
2017-04-24,641100.0,17.58458333333335
2017-04-25,677949.0,17.188333333333357
2017-04-26,683563.0,14.31541666666668
2017-04-27,690853.0,9.032500000000011
2017-04-28,685894.0,9.441666666666682
2017-04-29,1010268.0,9.726410256410276
2017-04-30,590910.0,10.194400000000021
2017-05-01,708894.0,10.97708333333336
2017-05-02,622936.0,15.321666666666689
2017-05-03,615763.0,18.214166666666692
2017-05-04,685105.0,18.74625000000002
2017-05-05,672455.0,16.684583333333354
2017-05-06,666824.0,14.647916666666688
2017-05-07,753837.0,17.785000000000014
2017-05-08,710747.0,20.862500000000015
2017-05-09,742638.0,20.787500000000023
2017-05-10,708144.0,17.96333333333335
2017-05-11,642046.0,13.134444444444464
2017-05-12,843331.0,12.938000000000018
2017-05-13,599006.0,15.162500000000017
2017-05-14,550164.0,16.589583333333355
2017-05-15,651482.0,19.182083333333352
2017-05-16,686455.0,22.717916666666685
2017-05-17,682935.0,21.96750000000002
2017-05-18,794662.0,16.66250000000002
2017-05-19,666081.0,15.52583333333335
2017-05-20,599377.0,17.919166666666683
2017-05-21,560970.0,19.51541666666669
2017-05-22,671755.0,21.463333333333352
2017-05-23,693933.0,25.00708333333335
2017-05-24,703865.0,24.27250000000002
2017-05-25,714032.0,25.622083333333354
2017-05-26,739246.0,25.286400000000018
2017-05-27,629668.0,25.579583333333357
2017-05-28,572161.0,23.116666666666692
2017-05-29,679701.0,22.041666666666682
2017-05-30,688623.0,21.082916666666687
2017-05-31,694625.0,21.83250000000002
2017-06-01,607126.0,23.795000000000016
2017-06-02,805558.0,25.0619230769231
2017-06-03,797486.0,21.99962962962965
2017-06-04,681235.0,19.831666666666685
2017-06-05,606098.0,18.959583333333352
2017-06-06,699717.0,22.03666666666669
2017-06-07,737658.0,23.810416666666686
2017-06-08,645822.0,25.932500000000022
2017-06-09,746724.0,26.24625000000002
2017-06-10,700271.0,26.876250000000017
2017-06-11,689059.0,29.192500000000013
2017-06-12,721739.0,30.133333333333354
2017-06-13,778419.0,29.32750000000003
2017-06-14,792342.0,30.033750000000026
2017-06-15,830561.0,30.593200000000024
2017-06-16,831736.0,29.54640000000002
2017-06-17,729290.0,31.479583333333352
2017-06-18,675963.0,31.191666666666688
2017-06-19,826833.0,28.504800000000017
2017-06-20,880586.0,26.01038461538463
2017-06-21,810039.0,28.59016666666669
2017-06-22,811865.0,30.347083333333355
2017-06-23,786138.0,29.55708333333335
2017-06-24,700386.0,28.102083333333354
2017-06-25,734008.0,24.58555555555558
2017-06-26,811577.0,23.378461538461554
2017-06-27,762569.0,22.297916666666683
2017-06-28,736535.0,20.86833333333335
2017-06-29,699924.0,17.59750000000002
2017-06-30,683022.0,17.276250000000022
2017-07-01,667208.0,18.525416666666686
2017-07-02,740033.0,22.348149739583352
2017-07-03,708593.0,26.46416666666668
2017-07-04,672350.0,27.77375000000002
2017-07-05,557938.0,28.232916666666696
2017-07-06,974133.0,19.97939393939395
2017-07-07,886641.0,18.45620689655174
2017-07-08,786126.0,19.675200000000014
2017-07-09,736494.0,24.090000000000018
2017-07-10,618580.0,25.381041666666686
2017-07-11,707467.0,25.82916666666669
2017-07-12,751364.0,28.60916666666668
2017-07-13,817688.0,30.85875000000002
2017-07-14,805329.0,31.209583333333352
2017-07-15,712619.0,29.658750000000012
2017-07-16,655550.0,29.849166666666687
2017-07-17,788583.0,29.060000000000013
2017-07-18,807084.0,29.739166666666687
2017-07-19,794786.0,27.893750000000022
2017-07-20,771493.0,26.020000000000014
2017-07-21,751999.0,25.86041666666669
2017-07-22,671419.0,25.586666666666687
2017-07-23,618159.0,26.524166666666687
2017-07-24,726447.0,26.14500000000002
2017-07-25,725701.0,24.00541666666668
2017-07-26,752308.0,25.80583333333335
2017-07-27,779035.0,28.91458333333335
2017-07-28,778509.0,29.73458333333335
2017-07-29,702086.0,29.08916666666669
2017-07-30,650544.0,28.97500000000002
2017-07-31,737093.0,27.370000000000022
2017-08-01,652337.0,26.459166666666686
2017-08-02,747352.0,26.998708333333354
2017-08-03,697505.0,28.31308333333335
2017-08-04,606219.0,30.360000000000014
2017-08-05,663776.0,31.60000000000002
2017-08-06,720611.0,29.123750000000012
2017-08-07,651905.0,28.483750000000025
2017-08-08,734946.0,24.465833333333354
2017-08-09,707655.0,21.867500000000017
2017-08-10,576187.0,19.43750000000001
2017-08-11,718799.0,21.455833333333345
2017-08-12,679955.0,24.167083333333352
2017-08-13,581810.0,25.941250000000014
2017-08-14,662354.0,27.84458333333335
2017-08-15,625276.0,28.317083333333354
2017-08-16,707427.0,27.35435416666668
2017-08-17,721756.0,28.818750000000012
2017-08-18,732127.0,29.031250000000018
2017-08-19,658552.0,28.27375000000001
2017-08-20,616381.0,28.542083333333352
2017-08-21,740994.0,28.53875000000002
2017-08-22,755893.0,29.60875000000002
2017-08-23,757879.0,29.229583333333355
2017-08-24,752791.0,27.373333333333353
2017-08-25,746251.0,26.535833333333354
2017-08-26,673124.0,25.99041666666668
2017-08-27,718451.0,23.837857142857168
2017-08-28,891917.0,19.85827586206899
2017-08-29,783834.0,19.99076923076925
2017-08-30,710590.0,21.189166666666686
2017-08-31,709660.0,22.538333333333345
2017-09-01,780216.0,21.875416666666684
2017-09-02,758632.0,20.007083333333348
2017-09-03,688927.0,23.105416666666688
2017-09-04,562429.0,23.78541666666668
2017-09-05,682028.0,24.547083333333358
2017-09-06,713644.0,26.088750000000015
2017-09-07,607763.0,23.860000000000017
2017-09-08,701884.0,22.585833333333355
2017-09-09,623761.0,19.59958333333336
2017-09-10,673191.0,18.217083333333353
2017-09-11,715846.0,22.205416666666693
2017-09-12,680026.0,21.880833333333346
2017-09-13,724825.0,22.211666666666684
2017-09-14,722972.0,22.44416666666669
2017-09-15,688054.0,17.278750000000013
2017-09-16,605657.0,14.925000000000011
2017-09-17,564375.0,16.03000000000002
2017-09-18,678278.0,16.820416666666684
2017-09-19,695110.0,18.200416666666687
2017-09-20,698101.0,19.118333333333347
2017-09-21,699463.0,19.96738541666669
2017-09-22,697921.0,21.09833333333335
2017-09-23,622564.0,20.602083333333347
2017-09-24,577670.0,21.209166666666686
2017-09-25,687912.0,20.501666666666686
2017-09-26,703240.0,19.343520833333354
2017-09-27,704450.0,19.122083333333347
2017-09-28,702850.0,19.867083333333355
2017-09-29,700188.0,21.10250000000002
2017-09-30,652402.0,21.197600000000016
2017-10-01,801967.0,21.423750000000013
2017-10-02,766543.0,21.60250000000001
2017-10-03,677955.0,22.32708333333336
2017-10-04,657191.0,22.652083333333348
2017-10-05,685252.0,22.118750000000016
2017-10-06,649615.0,22.357916666666686
2017-10-07,734066.0,18.497083333333347
2017-10-08,668761.0,18.26625000000002
2017-10-09,574073.0,18.46500000000002
2017-10-10,696801.0,17.765416666666685
2017-10-11,721807.0,17.697916666666686
2017-10-12,644423.0,18.69708333333335
2017-10-13,637626.0,19.720000000000017
2017-10-14,602504.0,19.03154166666669
2017-10-15,563659.0,21.213750000000022
2017-10-16,682918.0,19.65041666666669
2017-10-17,756897.0,15.458076923076938
2017-10-18,972512.0,12.800000000000015
2017-10-19,827254.0,11.487931034482774
2017-10-20,680015.0,14.962500000000022
2017-10-21,654771.0,16.67923076923079
2017-10-22,556201.0,13.550000000000018
2017-10-23,671302.0,13.752083333333351
2017-10-24,689125.0,15.541250000000014
2017-10-25,694114.0,16.09208333333336
2017-10-26,688195.0,16.705833333333356
2017-10-27,679990.0,18.333750000000027
2017-10-28,593473.0,16.28083333333335
2017-10-29,550283.0,14.75333333333335
2017-10-30,666516.0,13.996250000000023
2017-10-31,687082.0,12.766250000000012
2017-11-01,781079.0,13.052500000000022
2017-11-02,691115.0,13.900416666666688
2017-11-03,608527.0,14.027500000000023
2017-11-04,694495.0,12.453200000000024
2017-11-05,679074.0,11.925000000000018
2017-11-06,616561.0,10.055000000000023
2017-11-07,761754.0,8.70750000000002
2017-11-08,672182.0,8.419583333333355
2017-11-09,668144.0,7.104583333333355
2017-11-10,691109.0,9.122500000000018
2017-11-11,644118.0,10.230000000000024
2017-11-12,764130.0,9.678333333333354
2017-11-13,714546.0,9.827083333333357
2017-11-14,671584.0,7.236666666666683
2017-11-15,753218.0,6.613333333333348
2017-11-16,752222.0,8.254166666666682
2017-11-17,740757.0,9.344166666666688
2017-11-18,658942.0,10.134583333333355
2017-11-19,612549.0,8.351666666666693
2017-11-20,736889.0,7.723333333333358
2017-11-21,752880.0,7.4675000000000225
2017-11-22,760028.0,7.286666666666683
2017-11-23,747489.0,9.974166666666681
2017-11-24,738796.0,11.060416666666692
2017-11-25,661094.0,10.369166666666688
2017-11-26,616545.0,6.225416666666682
2017-11-27,753107.0,3.3191666666666797
2017-11-28,969769.0,4.58733333333335
2017-11-29,827619.0,6.722692307692332
2017-11-30,783701.0,3.1695833333333545
2017-12-01,768954.0,2.1129166666666848
2017-12-02,635224.0,2.661666666666683
2017-12-03,565860.0,3.365833333333351
2017-12-04,651866.0,2.6566666666666925
2017-12-05,671891.0,2.406229166666691
2017-12-06,750069.0,1.748333333333342
2017-12-07,790986.0,2.6995833333333485
2017-12-08,622791.0,5.45125000000002
2017-12-09,742898.0,8.804400000000022
2017-12-10,641434.0,10.631153846153865
2017-12-11,664627.0,7.909629629629647
2017-12-12,789035.0,4.1254166666666805
2017-12-13,800863.0,3.025416666666686
2017-12-14,1327837.0,7.443076923076942
2017-12-15,908662.0,9.218928571428586
2017-12-16,692049.0,5.037500000000023
2017-12-17,660298.0,3.822083333333353
2017-12-18,793355.0,4.4320833333333525
2017-12-19,796059.0,8.092916666666683
2017-12-20,798091.0,4.19791666666669
2017-12-21,782663.0,6.325416666666688
2017-12-22,754768.0,5.235833333333358
2017-12-23,664298.0,6.114583333333354
2017-12-24,609140.0,4.707500000000017
2017-12-25,818997.0,2.450571428571449
2017-12-26,868738.0,5.636562500000013
2017-12-27,727001.0,8.201600000000012
2017-12-28,697256.0,10.198750000000016
2017-12-29,702480.0,11.431200000000024
2017-12-30,670132.0,10.058076923076944
2017-12-31,628119.0,7.48576923076925
2018-01-01,544393.0,6.948333333333349
2018-01-02,790289.0,8.950416666666683
2018-01-03,1044125.0,9.485483870967755
2018-01-04,731129.0,9.515483870967765
2018-01-05,702571.0,9.000333333333344
2018-01-06,1238016.0,3.555909090909107
2018-01-07,1249312.0,2.3691836734694056
2018-01-08,778702.0,2.478333333333348
2018-01-09,1188748.0,1.1752380952381158
2018-01-10,1066937.0,4.233783783783812
2018-01-11,621732.0,5.5487500000000125
2018-01-12,674481.0,3.9308333333333487
2018-01-13,1153993.0,2.21216216216218
2018-01-14,675401.0,3.844583333333342
2018-01-15,799098.0,3.3883333333333474
2018-01-16,796272.0,5.295416666666682
2018-01-17,881276.0,6.192962962962981
2018-01-18,782212.0,5.71083333333335
2018-01-19,775791.0,6.844583333333347
2018-01-20,684592.0,6.3266666666666795
2018-01-21,627243.0,8.785895833333354
2018-01-22,742352.0,7.159791666666682
2018-01-23,755459.0,7.393937500000021
2018-01-24,758350.0,7.0570833333333525
2018-01-25,1158835.0,5.322000000000017
2018-01-26,783758.0,5.52833333333335
2018-01-27,699771.0,5.961250000000021
2018-01-28,651946.0,7.4516666666666795
2018-01-29,759403.0,7.375416666666683
2018-01-30,773292.0,5.563333333333347
2018-01-31,765949.0,5.153333333333353
2018-02-01,691801.0,3.724166666666681
2018-02-02,798744.0,3.4579166666666885
2018-02-03,784419.0,4.438333333333354
2018-02-04,1355153.0,2.526000000000012
2018-02-05,959241.0,1.9208823529411916
2018-02-06,599413.0,2.4770833333333493
2018-02-07,723426.0,0.9425000000000168
2018-02-08,797853.0,0.8031666666666837
2018-02-09,633141.0,1.670000000000016
2018-02-10,693956.0,4.798333333333356
2018-02-11,661729.0,7.1633333333333455
2018-02-12,627969.0,7.299166666666679
2018-02-13,813673.0,3.2687500000000163
2018-02-14,804120.0,7.98125000000001
2018-02-15,925477.0,7.383928571428588
2018-02-16,869948.0,9.070740740740753
2018-02-17,798820.0,8.324285714285725
2018-02-18,636929.0,7.380833333333347
2018-02-19,757281.0,9.802083333333348
2018-02-20,762698.0,10.013541666666683
2018-02-21,767394.0,6.872458333333351
2018-02-22,781612.0,3.5300000000000202
2018-02-23,787398.0,2.57637500000002
2018-02-24,702763.0,2.8691666666666813
2018-02-25,648548.0,4.490416666666685
2018-02-26,775712.0,6.902916666666684
2018-02-27,1426350.0,3.284878048780503
2018-02-28,1571508.0,6.9896808510638575
2018-03-01,1137461.0,9.340810810810828
2018-03-02,976661.0,5.917187500000008
2018-03-03,709648.0,8.84600000000001
2018-03-04,702769.0,9.179166666666681
2018-03-05,842292.0,6.9248275862069155
2018-03-06,622357.0,6.6729629629629805
2018-03-07,754350.0,6.847083333333354
2018-03-08,995949.0,7.310000000000012
2018-03-09,1320808.0,10.536829268292697
2018-03-10,858823.0,10.79896551724139
2018-03-11,649824.0,7.995200000000014
2018-03-12,733406.0,9.104166666666679
2018-03-13,819870.0,9.201923076923096
2018-03-14,1278499.0,8.74307692307694
2018-03-15,815273.0,7.9673076923077115
2018-03-16,739365.0,6.910833333333355
2018-03-17,860716.0,5.445666666666684
2018-03-18,625311.0,7.870000000000014
2018-03-19,989526.0,5.467096774193563
2018-03-20,792852.0,4.594166666666685
2018-03-21,787353.0,5.582083333333351
2018-03-22,775700.0,5.951250000000016
2018-03-23,878483.0,7.441481481481497
2018-03-24,696543.0,7.426385416666686
2018-03-25,638499.0,8.09333333333335
2018-03-26,739636.0,9.383333333333349
2018-03-27,728022.0,12.407083333333356
2018-03-28,697601.0,13.592916666666683
2018-03-29,620013.0,11.520000000000016
2018-03-30,632206.0,7.831923076923092
2018-03-31,607668.0,8.23333333333335
2018-04-01,717705.0,10.006666666666684
2018-04-02,681377.0,13.045416666666684
2018-04-03,653938.0,12.381600000000015
2018-04-04,714544.0,10.77541666666668
2018-04-05,680741.0,11.070000000000016
2018-04-06,789018.0,12.062142857142884
2018-04-07,1061604.0,8.874848484848503
2018-04-08,743995.0,9.217200000000012
2018-04-09,856586.0,5.9748148148148355
2018-04-10,817057.0,5.85003571428573
2018-04-11,598863.0,7.166250000000012
2018-04-12,740096.0,7.938333333333351
2018-04-13,769037.0,8.80080000000002
2018-04-14,638668.0,10.415000000000019
2018-04-15,615265.0,11.901200000000012
2018-04-16,722836.0,11.842400000000021
2018-04-17,699029.0,13.48208333333335
2018-04-18,689989.0,16.455000000000016
2018-04-19,681334.0,16.856666666666694
2018-04-20,674812.0,15.98875000000002
2018-04-21,603426.0,14.464583333333357
2018-04-22,557746.0,16.60625000000002
2018-04-23,655536.0,17.188041666666685
2018-04-24,680237.0,18.137583333333353
2018-04-25,684701.0,19.56458333333335
2018-04-26,679576.0,18.49125000000002
2018-04-27,674804.0,18.12750000000002
2018-04-28,599574.0,13.316250000000023
2018-04-29,606704.0,8.22807692307694
2018-04-30,625271.0,7.495833333333354
2018-05-01,688925.0,9.124166666666683
2018-05-02,809607.0,10.644250000000023
2018-05-03,759063.0,12.19141666666669
2018-05-04,700341.0,13.29125000000002
2018-05-05,610483.0,16.28583333333336
2018-05-06,670856.0,17.525000000000023
2018-05-07,741266.0,16.652125000000026
2018-05-08,758149.0,17.80000000000002
2018-05-09,743121.0,18.57354166666668
2018-05-10,687702.0,18.25583333333335
2018-05-11,721068.0,17.87708333333335
2018-05-12,727194.0,15.807500000000017
2018-05-13,559676.0,11.775416666666692
2018-05-14,665796.0,14.498333333333354
2018-05-15,672262.0,15.21083333333336
2018-05-16,685708.0,17.87875000000002
2018-05-17,680609.0,18.62583333333336
2018-05-18,763695.0,16.8140740740741
2018-05-19,653399.0,17.517692307692325
2018-05-20,555917.0,17.057083333333345
2018-05-21,708249.0,17.25307692307695
2018-05-22,678342.0,17.43166666666669
2018-05-23,749424.0,19.616538461538486
2018-05-24,744366.0,20.372692307692326
2018-05-25,821862.0,14.888965517241402
2018-05-26,622683.0,16.278800000000015
2018-05-27,579859.0,17.59640000000002
2018-05-28,694234.0,15.85664000000002
2018-05-29,769659.0,15.207777777777798
2018-05-30,767333.0,15.095185185185203
2018-05-31,668074.0,17.936250000000026
2018-06-01,614078.0,17.961520833333353
2018-06-02,999296.0,16.26137931034485
2018-06-03,770997.0,17.517916666666693
2018-06-04,700909.0,16.19125000000002
2018-06-05,562456.0,15.371666666666682
2018-06-06,680771.0,14.997500000000018
2018-06-07,737717.0,17.426666666666684
2018-06-08,819918.0,16.415200000000016
2018-06-09,726714.0,15.952083333333363
2018-06-10,619215.0,15.251250000000022
2018-06-11,738860.0,16.386800000000015
2018-06-12,640882.0,18.296166666666682
2018-06-13,693709.0,18.93708333333335
2018-06-14,695379.0,19.55250000000002
2018-06-15,693108.0,22.407916666666683
2018-06-16,627421.0,23.94625000000002
2018-06-17,583651.0,23.90958333333336
2018-06-18,705646.0,24.483750000000025
2018-06-19,725931.0,24.60583333333335
2018-06-20,740135.0,26.53541666666669
2018-06-21,749542.0,26.811250000000026
2018-06-22,749025.0,26.658750000000015
2018-06-23,668768.0,27.87041666666668
2018-06-24,622595.0,28.45291666666668
2018-06-25,747195.0,28.723750000000013
2018-06-26,761464.0,28.004583333333347
2018-06-27,758305.0,26.713333333333356
2018-06-28,748525.0,25.408958333333356
2018-06-29,762801.0,24.29960000000002
2018-06-30,777463.0,22.85714285714288
2018-07-01,649194.0,22.84745833333336
2018-07-02,828990.0,21.89833333333335
2018-07-03,763547.0,23.134166666666687
2018-07-04,636014.0,22.423750000000023
2018-07-05,670291.0,22.425000000000022
2018-07-06,677912.0,24.466666666666683
2018-07-07,670739.0,26.33041666666669
2018-07-08,781114.0,26.99125000000002
2018-07-09,712060.0,27.72083333333335
2018-07-10,574567.0,27.940000000000026
2018-07-11,700108.0,26.704583333333346
2018-07-12,678974.0,25.818333333333353
2018-07-13,755051.0,26.949166666666684
2018-07-14,669677.0,27.26125000000003
2018-07-15,613109.0,23.310000000000016
2018-07-16,730794.0,23.66166666666668
2018-07-17,756990.0,25.920000000000016
2018-07-18,766932.0,27.10875000000003
2018-07-19,768147.0,25.597500000000014
2018-07-20,753479.0,24.303333333333352
2018-07-21,656873.0,23.404583333333353
2018-07-22,601384.0,24.906666666666684
2018-07-23,743291.0,27.222083333333355
2018-07-24,764405.0,26.499166666666685
2018-07-25,753496.0,26.479583333333352
2018-07-26,764418.0,26.71333333333335
2018-07-27,760017.0,26.781666666666684
2018-07-28,676631.0,25.839166666666685
2018-07-29,620455.0,25.761666666666684
2018-07-30,742119.0,26.07125000000002
2018-07-31,752587.0,26.974583333333356
2018-08-01,790067.0,28.68833333333335
2018-08-02,836139.0,30.70208333333335
2018-08-03,752571.0,32.392916666666686
2018-08-04,593979.0,30.701666666666686
2018-08-05,682608.0,30.851666666666688
2018-08-06,675037.0,29.85625000000002
2018-08-07,622418.0,29.953053385416684
2018-08-08,762549.0,27.39750000000002
2018-08-09,623790.0,25.145833333333353
2018-08-10,721625.0,24.45076923076925
2018-08-11,737068.0,27.020416666666687
2018-08-12,628084.0,27.937500000000018
2018-08-13,706552.0,26.39166666666668
2018-08-14,699832.0,26.157500000000017
2018-08-15,625373.0,26.744166666666683
2018-08-16,717857.0,26.766000000000023
2018-08-17,672704.0,25.17083333333335
2018-08-18,612565.0,23.798333333333343
2018-08-19,585904.0,25.085000000000008
2018-08-20,702170.0,26.17416666666669
2018-08-21,727328.0,26.15612500000002
2018-08-22,836239.0,26.503555555555582
2018-08-23,768781.0,26.228000000000016
2018-08-24,727655.0,25.872500000000016
2018-08-25,647463.0,24.939583333333356
2018-08-26,604425.0,24.41125000000002
2018-08-27,745371.0,26.61833333333335
2018-08-28,765230.0,27.41250000000002
2018-08-29,760804.0,25.999166666666685
2018-08-30,759039.0,26.03208333333335
2018-08-31,750234.0,27.009166666666683
2018-09-01,820752.0,26.94041666666668
2018-09-02,826407.0,27.900000000000016
2018-09-03,742788.0,26.62583333333335
2018-09-04,707134.0,24.10375000000002
2018-09-05,681900.0,22.747083333333354
2018-09-06,604941.0,21.309166666666684
2018-09-07,794420.0,21.944400000000016
2018-09-08,908436.0,19.691103448275882
2018-09-09,582884.0,21.615416666666686
2018-09-10,674580.0,22.320833333333354
2018-09-11,722007.0,22.173750000000013
2018-09-12,656537.0,22.00538461538463
2018-09-13,741831.0,24.485000000000014
2018-09-14,734553.0,24.685833333333353
2018-09-15,692479.0,24.33384615384617
2018-09-16,622729.0,23.495200000000015
2018-09-17,789445.0,23.780000000000026
2018-09-18,733448.0,21.70625000000001
2018-09-19,741335.0,23.132916666666688
2018-09-20,746437.0,24.046250000000015
2018-09-21,741775.0,24.38250000000002
2018-09-22,660887.0,25.102916666666687
2018-09-23,616865.0,25.491666666666685
2018-09-24,734024.0,25.579166666666683
2018-09-25,738042.0,23.36833333333335
2018-09-26,730671.0,22.33791666666669
2018-09-27,722159.0,21.33250000000002
2018-09-28,712703.0,21.279125000000015
2018-09-29,627327.0,21.20791666666669
2018-09-30,611295.0,21.54040000000002
2018-10-01,803357.0,19.555416666666684
2018-10-02,731463.0,17.504166666666684
2018-10-03,659046.0,19.57500000000003
2018-10-04,745260.0,19.265000000000015
2018-10-05,675593.0,18.726250000000014
2018-10-06,567380.0,19.159166666666685
2018-10-07,772352.0,15.260416666666686
2018-10-08,711874.0,13.730000000000018
2018-10-09,777283.0,13.509629629629648
2018-10-10,783556.0,14.680740740740761
2018-10-11,795656.0,16.516206896551743
2018-10-12,854032.0,18.087142857142872
2018-10-13,589631.0,18.993750000000013
2018-10-14,560364.0,15.257083333333354
2018-10-15,664393.0,11.34208333333335
2018-10-16,681361.0,14.859166666666688
2018-10-17,687800.0,15.18041666666668
2018-10-18,712040.0,15.727600000000017
2018-10-19,1006683.0,14.98542857142859
2018-10-20,627138.0,16.369600000000016
2018-10-21,560708.0,16.591666666666683
2018-10-22,668763.0,16.347500000000018
2018-10-23,681449.0,15.606666666666685
2018-10-24,678815.0,15.272500000000022
2018-10-25,679828.0,14.828750000000012
2018-10-26,826633.0,13.32517241379312
2018-10-27,765761.0,10.656774193548406
2018-10-28,580152.0,6.112916666666689
2018-10-29,715589.0,6.836250000000018
2018-10-30,1517745.0,7.561063829787251
2018-10-31,885871.0,8.388965517241392
2018-11-01,871495.0,9.190769230769254
2018-11-02,668005.0,12.501666666666686
2018-11-03,622853.0,9.337500000000015
2018-11-04,749798.0,8.451250000000016
2018-11-05,885538.0,8.73322580645163
2018-11-06,672217.0,8.830000000000014
2018-11-07,1016232.0,10.351935483870978
2018-11-08,925678.0,8.810000000000013
2018-11-09,691017.0,9.36491666666668
2018-11-10,1199638.0,11.725853658536598
2018-11-11,625174.0,13.619200000000024
2018-11-12,789569.0,11.785200000000025
2018-11-13,718909.0,11.655833333333348
2018-11-14,782918.0,11.705384615384634
2018-11-15,717469.0,13.184166666666679
2018-11-16,710460.0,13.530000000000014
2018-11-17,631015.0,12.513333333333351
2018-11-18,598035.0,10.047735677083352
2018-11-19,783194.0,9.964423076923095
2018-11-20,741538.0,9.844166666666686
2018-11-21,744874.0,8.82916666666668
2018-11-22,749299.0,8.077916666666686
2018-11-23,862132.0,8.546071428571448
2018-11-24,837540.0,4.267333333333348
2018-11-25,972975.0,9.425263157894749
2018-11-26,744179.0,9.048500000000017
2018-11-27,758242.0,6.567500000000019
2018-11-28,792391.0,5.169200000000014
2018-11-29,896695.0,5.227857142857155
2018-11-30,889416.0,7.2882142857143055
2018-12-01,798141.0,5.028750000000019
2018-12-02,1051754.0,5.620967741935498
2018-12-03,1197905.0,6.505789473684232
2018-12-04,903795.0,7.798275862068983
2018-12-05,608173.0,9.06083333333335
2018-12-06,748606.0,8.120769230769254
2018-12-07,793657.0,5.9012000000000215
2018-12-08,820894.0,6.240312500000018
2018-12-09,826530.0,6.749629629629645
2018-12-10,586269.0,6.819166666666685
2018-12-11,714023.0,6.058333333333347
2018-12-12,1003020.0,5.118387096774222
2018-12-13,970094.0,7.765666666666679
2018-12-14,763092.0,5.0216666666666825
2018-12-15,745758.0,5.067307692307708
2018-12-16,827010.0,8.811612903225818
2018-12-17,765005.0,4.283750000000019
2018-12-18,787103.0,3.6225000000000236
2018-12-19,856615.0,6.467407407407425
2018-12-20,832615.0,7.34038461538464
2018-12-21,952503.0,7.046629032258092
2018-12-22,852475.0,7.597419354838733
2018-12-23,842641.0,6.016969696969718
2018-12-24,639884.0,5.982000000000019
2018-12-25,535745.0,6.595833333333357
2018-12-26,639232.0,5.776250000000019
2018-12-27,685241.0,4.499166666666689
2018-12-28,687868.0,5.689166666666684
2018-12-29,638495.0,6.039166666666688
2018-12-30,605724.0,5.580416666666689
2018-12-31,597222.0,4.889130434782623
